"id","tags"
"0","FICTION"
"1","HISTORICAL-NOVEL HISTORICAL-FICTION FICTION"
"2","FICTION NOVEL"
"3","HISTORICAL-NOVEL HISTORICAL-FICTION HISTORY"
"4","FICTION NOVEL"
"5","FICTION NOVEL"
"6","SPECULATIVE-FICTION FANTASY FICTION"
"7","SCIENCE-FICTION SPECULATIVE-FICTION"
"8","SPECULATIVE-FICTION FANTASY"
"9","SCIENCE-FICTION SPECULATIVE-FICTION"
"10","SCIENCE-FICTION SPECULATIVE-FICTION ALTERNATE-HISTORY"
"11","FICTION NOVEL"
"12","MYSTERY FICTION"
"13","SCIENCE-FICTION SPECULATIVE-FICTION"
"14","FICTION NOVEL"
"15","FICTION NOVEL"
"16",""
"17","SCIENCE-FICTION SPECULATIVE-FICTION"
"18","SCIENCE-FICTION SPECULATIVE-FICTION FANTASY CHILDREN'S-LITERATURE"
"19","SPECULATIVE-FICTION FANTASY"
"20","SCIENCE-FICTION SPECULATIVE-FICTION CHILDREN'S-LITERATURE"
"21","SCIENCE-FICTION SPECULATIVE-FICTION"
"22","FICTION NOVEL"
"23","FICTION NOVEL"
"24","NOVEL"
"25","CHILDREN'S-LITERATURE FICTION"
"26","NOVEL"
"27","FICTION NOVEL"
"28","NOVEL"
"29","CHILDREN'S-LITERATURE FICTION"
"30","SCIENCE-FICTION SPECULATIVE-FICTION"
"31","SPECULATIVE-FICTION FANTASY"
"32","SUSPENSE THRILLER CRIME-FICTION MYSTERY FICTION"
"33","SPECULATIVE-FICTION FANTASY CHILDREN'S-LITERATURE FICTION"
"34","MYSTERY FICTION"
"35","FICTION NOVEL"
"36","HISTORICAL-NOVEL HISTORICAL-FICTION"
"37","SCIENCE-FICTION SPECULATIVE-FICTION"
"38","SUSPENSE CRIME-FICTION MYSTERY DETECTIVE-FICTION FICTION"
"39","SCIENCE-FICTION SPECULATIVE-FICTION"
"40","MEMOIR NON-FICTION BIOGRAPHY AUTOBIOGRAPHY"
"41","FICTION"
"42","SCIENCE-FICTION SPECULATIVE-FICTION"
"43","NOVEL"
"44","SUSPENSE CRIME-FICTION MYSTERY DETECTIVE-FICTION FICTION"
"45","CHILDREN'S-LITERATURE FICTION YOUNG-ADULT-LITERATURE"
"46","SCIENCE-FICTION"
"47","HISTORICAL-NOVEL HISTORICAL-FICTION FICTION"
"48","SCIENCE-FICTION SPECULATIVE-FICTION FANTASY"
"49","CHILDREN'S-LITERATURE FICTION YOUNG-ADULT-LITERATURE"
"50","MEMOIR NON-FICTION BIOGRAPHY AUTOBIOGRAPHY"
"51","THRILLER MYSTERY FICTION"
"52","FICTION NOVEL"
"53","SPECULATIVE-FICTION FANTASY CHILDREN'S-LITERATURE"
"54","CRIME-FICTION MYSTERY FICTION"
"55","SCIENCE-FICTION SPECULATIVE-FICTION"
"56","CHILDREN'S-LITERATURE"
"57","CHILDREN'S-LITERATURE"
"58","FICTION NOVEL"
"59","SCIENCE-FICTION SPECULATIVE-FICTION FANTASY FICTION"
"60","HISTORICAL-NOVEL HISTORICAL-FICTION"
"61","MYSTERY DETECTIVE-FICTION FICTION"
"62","FICTION NOVEL"
"63","CHILDREN'S-LITERATURE FICTION"
"64","SCIENCE-FICTION SPECULATIVE-FICTION ALTERNATE-HISTORY"
"65","SUSPENSE CRIME-FICTION MYSTERY FICTION"
"66","SPECULATIVE-FICTION FANTASY CHILDREN'S-LITERATURE"
"67","SPECULATIVE-FICTION CRIME-FICTION MYSTERY FICTION"
"68","SCIENCE-FICTION SPECULATIVE-FICTION"
"69","FICTION NOVEL"
"70","CHILDREN'S-LITERATURE"
"71","FICTION"
"72","MYSTERY FICTION"
"73","NON-FICTION BIOGRAPHY"
"74","FICTION NOVEL"
"75","FICTION"
"76","SCIENCE-FICTION SPECULATIVE-FICTION"
"77","CHILDREN'S-LITERATURE"
"78","SCIENCE-FICTION SPECULATIVE-FICTION"
"79","SCIENCE-FICTION SPECULATIVE-FICTION"
"80","FICTION NOVEL"
"81","SCIENCE-FICTION SPECULATIVE-FICTION"
"82","SCIENCE-FICTION SPECULATIVE-FICTION"
"83","FICTION ROMANCE-NOVEL NOVEL"
"84","SPECULATIVE-FICTION FANTASY"
"85","MYSTERY FICTION"
"86","CHILDREN'S-LITERATURE FICTION NOVEL"
"87","CHILDREN'S-LITERATURE"
"88","CRIME-FICTION MYSTERY DETECTIVE-FICTION FICTION"
"89","HISTORICAL-NOVEL FICTION"
"90","FICTION NOVEL"
"91","SCIENCE-FICTION SPECULATIVE-FICTION"
"92","SUSPENSE CRIME-FICTION MYSTERY DETECTIVE-FICTION FICTION"
"93","FICTION NOVEL"
"94","FICTION"
"95","FICTION NOVEL"
"96","CHILDREN'S-LITERATURE FICTION YOUNG-ADULT-LITERATURE"
"97","CHILDREN'S-LITERATURE FICTION NOVEL"
"98","SCIENCE-FICTION SPECULATIVE-FICTION NOVEL"
"99","SCIENCE-FICTION SPECULATIVE-FICTION"
"100","THRILLER FICTION SPY-FICTION"
"101","FICTION NOVEL"
"102",""
"103","SPECULATIVE-FICTION FANTASY CHILDREN'S-LITERATURE FICTION"
"104","SPECULATIVE-FICTION FICTION"
"105","FICTION NOVEL"
"106","THRILLER SPY-FICTION"
"107","THRILLER MYSTERY FICTION SPY-FICTION"
"108","THRILLER CRIME-FICTION MYSTERY FICTION"
"109","SCIENCE-FICTION SPECULATIVE-FICTION"
"110","SPECULATIVE-FICTION FANTASY CHILDREN'S-LITERATURE FICTION"
"111","SCIENCE-FICTION SPECULATIVE-FICTION"
"112","FICTION NOVEL"
"113","CHILDREN'S-LITERATURE YOUNG-ADULT-LITERATURE"
"114","FICTION NOVEL"
"115","SCIENCE-FICTION SPECULATIVE-FICTION"
"116","FICTION NOVEL"
"117","FICTION NOVEL"
"118","FICTION NOVEL"
"119","SCIENCE-FICTION SPECULATIVE-FICTION"
"120","FICTION NOVEL"
"121","FICTION NOVEL"
"122","MYSTERY DETECTIVE-FICTION FICTION"
"123","SCIENCE-FICTION NON-FICTION ALTERNATE-HISTORY"
"124","SCIENCE-FICTION SPECULATIVE-FICTION"
"125","SCIENCE-FICTION SPECULATIVE-FICTION"
"126","THRILLER SPY-FICTION"
"127","FICTION NOVEL"
"128","FICTION"
"129","SPECULATIVE-FICTION FICTION"
"130","CHILDREN'S-LITERATURE YOUNG-ADULT-LITERATURE"
"131","THRILLER SPY-FICTION"
"132","FICTION NOVEL"
"133","CRIME-FICTION MYSTERY FICTION NOVEL"
"134","FICTION NOVEL"
"135","SCIENCE-FICTION SPECULATIVE-FICTION"
"136","CHILDREN'S-LITERATURE FICTION YOUNG-ADULT-LITERATURE"
"137","CHILDREN'S-LITERATURE"
"138","SPECULATIVE-FICTION FICTION"
"139","HISTORICAL-NOVEL HISTORICAL-FICTION MYSTERY FICTION"
"140","THRILLER CRIME-FICTION MYSTERY FICTION"
"141","THRILLER MYSTERY FICTION SPY-FICTION"
"142","THRILLER FICTION NOVEL"
"143","SPECULATIVE-FICTION FANTASY CHILDREN'S-LITERATURE"
"144","CHILDREN'S-LITERATURE FICTION"
"145","FICTION NOVEL"
"146","FICTION"
"147","CHILDREN'S-LITERATURE"
"148","SPECULATIVE-FICTION FANTASY"
"149","SPECULATIVE-FICTION FANTASY FICTION"
"150","FICTION NOVEL"
"151","FICTION NOVEL"
"152","SPECULATIVE-FICTION FANTASY CHILDREN'S-LITERATURE FICTION"
"153","FICTION NOVEL"
"154","HISTORICAL-NOVEL HISTORICAL-FICTION FICTION"
"155","SPECULATIVE-FICTION HORROR MYSTERY FANTASY FICTION"
"156","SPECULATIVE-FICTION FANTASY"
"157","FICTION NOVEL"
"158","SCIENCE-FICTION SPECULATIVE-FICTION FANTASY"
"159","SCIENCE-FICTION SPECULATIVE-FICTION"
"160","SPECULATIVE-FICTION MYSTERY FICTION"
"161","SUSPENSE CRIME-FICTION MYSTERY DETECTIVE-FICTION FICTION"
"162","THRILLER SPY-FICTION"
"163","MYSTERY DETECTIVE-FICTION CHILDREN'S-LITERATURE"
"164","MYSTERY DETECTIVE-FICTION CHILDREN'S-LITERATURE"
"165","ADVENTURE-NOVEL CHILDREN'S-LITERATURE YOUNG-ADULT-LITERATURE"
"166","MYSTERY DETECTIVE-FICTION CHILDREN'S-LITERATURE"
"167","CHILDREN'S-LITERATURE FICTION YOUNG-ADULT-LITERATURE"
"168","SCIENCE-FICTION ALTERNATE-HISTORY"
"169","SUSPENSE CRIME-FICTION MYSTERY FICTION"
"170","CHILDREN'S-LITERATURE FICTION NOVEL"
"171","SPECULATIVE-FICTION FICTION NOVEL"
"172","MYSTERY CHILDREN'S-LITERATURE FICTION"
"173","HISTORICAL-NOVEL"
"174","SCIENCE-FICTION SPECULATIVE-FICTION"
"175","SUSPENSE SPECULATIVE-FICTION HORROR CRIME-FICTION MYSTERY FICTION"
"176","THRILLER FICTION SPY-FICTION"
"177","THRILLER FICTION"
"178","SPECULATIVE-FICTION FANTASY CHILDREN'S-LITERATURE"
"179","SUSPENSE CRIME-FICTION MYSTERY FICTION"
"180","SPECULATIVE-FICTION FANTASY CHILDREN'S-LITERATURE"
"181","MYSTERY FICTION"
"182","THRILLER MYSTERY FICTION SPY-FICTION"
"183","SCIENCE-FICTION SPECULATIVE-FICTION"
"184","SPECULATIVE-FICTION FANTASY"
"185","NOVEL"
"186","SCIENCE-FICTION SPECULATIVE-FICTION FANTASY"
"187","SCIENCE-FICTION SPECULATIVE-FICTION"
"188","FICTION NOVEL"
"189","SCIENCE-FICTION SPECULATIVE-FICTION"
"190","SCIENCE-FICTION SPECULATIVE-FICTION CHILDREN'S-LITERATURE"
"191","FICTION NOVEL"
"192","SPECULATIVE-FICTION FICTION"
"193","FICTION NOVEL"
"194","SPECULATIVE-FICTION FANTASY CHILDREN'S-LITERATURE FICTION"
"195","SCIENCE-FICTION SPECULATIVE-FICTION"
"196","FICTION NOVEL"
"197","SUSPENSE CRIME-FICTION MYSTERY DETECTIVE-FICTION FICTION"
"198","SPECULATIVE-FICTION FANTASY"
"199","SPECULATIVE-FICTION FANTASY CHILDREN'S-LITERATURE"
"200","SCIENCE-FICTION SPECULATIVE-FICTION"
"201","SCIENCE-FICTION SPECULATIVE-FICTION CHILDREN'S-LITERATURE"
"202","SCIENCE-FICTION SPECULATIVE-FICTION CHILDREN'S-LITERATURE"
"203","SCIENCE-FICTION SPECULATIVE-FICTION CHILDREN'S-LITERATURE"
"204","SCIENCE-FICTION SPECULATIVE-FICTION CHILDREN'S-LITERATURE"
"205","SCIENCE-FICTION SPECULATIVE-FICTION NOVEL"
"206","HISTORICAL-NOVEL FICTION"
"207","HISTORICAL-NOVEL HISTORICAL-FICTION FICTION"
"208","FICTION ROMANCE-NOVEL NOVEL"
"209","SCIENCE-FICTION SPECULATIVE-FICTION"
"210","FANTASY"
"211","MYSTERY DETECTIVE-FICTION FICTION"
"212","HISTORICAL-NOVEL WAR-NOVEL HISTORICAL-FICTION FICTION"
"213","CRIME-FICTION MYSTERY FICTION"
"214","HISTORICAL-NOVEL HISTORICAL-FICTION FICTION"
"215","FICTION NOVEL"
"216","FICTION NOVEL"
"217","SCIENCE-FICTION SPECULATIVE-FICTION"
"218","SUSPENSE CRIME-FICTION MYSTERY DETECTIVE-FICTION FICTION"
"219","ADVENTURE-NOVEL CHILDREN'S-LITERATURE YOUNG-ADULT-LITERATURE"
"220","FICTION NOVEL"
"221","HISTORICAL-NOVEL MYSTERY FICTION"
"222","MYSTERY FICTION"
"223","SCIENCE-FICTION SPECULATIVE-FICTION ALTERNATE-HISTORY"
"224","FICTION NOVEL"
"225","SCIENCE-FICTION SPECULATIVE-FICTION"
"226","SCIENCE-FICTION SPECULATIVE-FICTION"
"227","SCIENCE-FICTION SPECULATIVE-FICTION FANTASY CHILDREN'S-LITERATURE FICTION"
"228","SPECULATIVE-FICTION FANTASY"
"229","SCIENCE-FICTION SPECULATIVE-FICTION"
"230","THRILLER FICTION NOVEL"
"231","SCIENCE-FICTION SPECULATIVE-FICTION FANTASY"
"232","FICTION NOVEL"
"233","THRILLER FICTION SPY-FICTION"
"234","SCIENCE-FICTION SPECULATIVE-FICTION"
"235","SCIENCE-FICTION SPECULATIVE-FICTION ALTERNATE-HISTORY"
"236","SUSPENSE CRIME-FICTION MYSTERY FICTION"
"237","SPECULATIVE-FICTION MYSTERY FICTION"
"238","FICTION"
"239","SUSPENSE CRIME-FICTION MYSTERY FICTION"
"240","FICTION NOVEL"
"241","CHILDREN'S-LITERATURE FICTION YOUNG-ADULT-LITERATURE"
"242","HISTORICAL-NOVEL HISTORICAL-FICTION FICTION"
"243","FICTION NOVEL"
"244","CHILDREN'S-LITERATURE"
"245","THRILLER SPY-FICTION"
"246","SCIENCE-FICTION SPECULATIVE-FICTION"
"247","SCIENCE-FICTION SPECULATIVE-FICTION"
"248","SUSPENSE CRIME-FICTION MYSTERY FICTION"
"249","FICTION NOVEL"
"250","SUSPENSE CRIME-FICTION MYSTERY FICTION"
"251","FICTION NOVEL"
"252","SCIENCE-FICTION ALTERNATE-HISTORY"
"253","SUSPENSE CRIME-FICTION MYSTERY FICTION"
"254","SCIENCE-FICTION SPECULATIVE-FICTION"
"255","FICTION NOVEL"
"256","MYSTERY DETECTIVE-FICTION"
"257","SUSPENSE CRIME-FICTION MYSTERY FICTION"
"258","SCIENCE-FICTION SPECULATIVE-FICTION"
"259","FICTION NOVEL"
"260","NON-FICTION"
"261","SPECULATIVE-FICTION"
"262","NON-FICTION"
"263","SPECULATIVE-FICTION FANTASY CHILDREN'S-LITERATURE"
"264","SCIENCE-FICTION SPECULATIVE-FICTION"
"265","THRILLER SPY-FICTION"
"266","THRILLER FICTION SPY-FICTION"
"267","SUSPENSE THRILLER CRIME-FICTION MYSTERY FICTION"
"268","FICTION"
"269","FICTION ROMANCE-NOVEL NOVEL"
"270","FICTION NOVEL"
"271",""
"272","FICTION NOVEL"
"273","FICTION NOVEL"
"274","HISTORICAL-NOVEL HISTORICAL-FICTION"
"275","SCIENCE-FICTION SPECULATIVE-FICTION ALTERNATE-HISTORY"
"276","FICTION"
"277","SUSPENSE CRIME-FICTION MYSTERY FICTION"
"278","FICTION NOVEL"
"279","CHILDREN'S-LITERATURE FICTION YOUNG-ADULT-LITERATURE"
"280","NON-FICTION"
"281","SPECULATIVE-FICTION"
"282","SCIENCE-FICTION SPECULATIVE-FICTION"
"283","HISTORICAL-NOVEL HISTORICAL-FICTION"
"284","FICTION NOVEL"
"285","HISTORICAL-NOVEL HISTORICAL-FICTION FICTION"
"286","SPECULATIVE-FICTION FANTASY CHILDREN'S-LITERATURE"
"287","SUSPENSE CRIME-FICTION MYSTERY FICTION"
"288","SCIENCE-FICTION SPECULATIVE-FICTION HORROR CHILDREN'S-LITERATURE FICTION"
"289","SCIENCE-FICTION SPECULATIVE-FICTION HORROR CHILDREN'S-LITERATURE FICTION"
"290","SPECULATIVE-FICTION HORROR FICTION"
"291","SPECULATIVE-FICTION FANTASY FICTION"
"292","SCIENCE-FICTION SPECULATIVE-FICTION HORROR FICTION"
"293","CHILDREN'S-LITERATURE FICTION"
"294","CHILDREN'S-LITERATURE FICTION YOUNG-ADULT-LITERATURE"
"295","CHILDREN'S-LITERATURE FICTION YOUNG-ADULT-LITERATURE"
"296","MEMOIR NON-FICTION BIOGRAPHY AUTOBIOGRAPHY"
"297","FICTION NOVEL"
"298","SCIENCE-FICTION SPECULATIVE-FICTION FANTASY"
"299","SCIENCE-FICTION SPECULATIVE-FICTION HORROR FANTASY FICTION"
"300","FICTION NOVEL"
"301","SPECULATIVE-FICTION ALTERNATE-HISTORY"
"302","CHILDREN'S-LITERATURE FICTION YOUNG-ADULT-LITERATURE"
"303","CHILDREN'S-LITERATURE FICTION"
"304","SUSPENSE CRIME-FICTION MYSTERY FICTION"
"305",""
"306","FICTION NOVEL"
"307","CHILDREN'S-LITERATURE FICTION YOUNG-ADULT-LITERATURE"
"308","SUSPENSE THRILLER CRIME-FICTION MYSTERY FICTION"
"309","HISTORICAL-NOVEL HISTORICAL-FICTION FICTION"
"310","SCIENCE-FICTION SPECULATIVE-FICTION"
"311","HISTORICAL-NOVEL SPECULATIVE-FICTION"
"312","FICTION NOVEL"
"313","FICTION NOVEL"
"314","SPECULATIVE-FICTION CHILDREN'S-LITERATURE FICTION"
"315","FICTION NOVEL"
"316","SPECULATIVE-FICTION FANTASY CHILDREN'S-LITERATURE"
"317","CHILDREN'S-LITERATURE"
"318","MYSTERY DETECTIVE-FICTION"
"319","SPECULATIVE-FICTION HORROR FANTASY CHILDREN'S-LITERATURE FICTION"
"320","SPECULATIVE-FICTION HORROR MYSTERY FICTION"
"321","SCIENCE-FICTION SPECULATIVE-FICTION HORROR FICTION"
"322","SCIENCE-FICTION SPECULATIVE-FICTION HORROR FANTASY FICTION"
"323","MYSTERY FICTION"
"324","SUSPENSE CRIME-FICTION MYSTERY DETECTIVE-FICTION FICTION"
"325","THRILLER FICTION NOVEL"
"326","HISTORICAL-NOVEL HISTORICAL-FICTION FICTION"
"327","SCIENCE-FICTION SPECULATIVE-FICTION"
"328","HISTORICAL-NOVEL HISTORICAL-FICTION FICTION NOVEL"
"329","SCIENCE-FICTION SPECULATIVE-FICTION FANTASY CHILDREN'S-LITERATURE"
"330","FICTION ROMANCE-NOVEL NOVEL"
"331","SPECULATIVE-FICTION FANTASY"
"332","SPECULATIVE-FICTION FANTASY CHILDREN'S-LITERATURE"
"333","SPECULATIVE-FICTION FANTASY"
"334","SPECULATIVE-FICTION FANTASY FICTION"
"335","HISTORICAL-NOVEL CHILDREN'S-LITERATURE FICTION"
"336","FICTION NOVEL"
"337","CHILDREN'S-LITERATURE FICTION NOVEL YOUNG-ADULT-LITERATURE"
"338","SPECULATIVE-FICTION FICTION NOVEL"
"339","FICTION NOVEL"
"340","SCIENCE-FICTION SPECULATIVE-FICTION"
"341",""
"342","HISTORICAL-NOVEL CHILDREN'S-LITERATURE FICTION"
"343","CHILDREN'S-LITERATURE"
"344","SCIENCE-FICTION SPECULATIVE-FICTION"
"345","SCIENCE-FICTION SPECULATIVE-FICTION FANTASY"
"346","SPECULATIVE-FICTION FANTASY CHILDREN'S-LITERATURE"
"347","SPECULATIVE-FICTION FANTASY FICTION"
"348","SCIENCE-FICTION SPECULATIVE-FICTION FANTASY"
"349","SCIENCE-FICTION SPECULATIVE-FICTION"
"350","SCIENCE-FICTION SPECULATIVE-FICTION FANTASY"
"351","CHILDREN'S-LITERATURE FICTION YOUNG-ADULT-LITERATURE"
"352","SCIENCE-FICTION SPECULATIVE-FICTION FANTASY"
"353","ALTERNATE-HISTORY"
"354","SPECULATIVE-FICTION HORROR FICTION"
"355","SCIENCE-FICTION SPECULATIVE-FICTION"
"356","SPECULATIVE-FICTION FANTASY FICTION"
"357","FICTION NOVEL"
"358","SCIENCE-FICTION SPECULATIVE-FICTION ALTERNATE-HISTORY"
"359","SCIENCE-FICTION SPECULATIVE-FICTION"
"360","CHILDREN'S-LITERATURE"
"361","CHILDREN'S-LITERATURE FICTION"
"362","SUSPENSE CRIME-FICTION MYSTERY FICTION"
"363","SCIENCE-FICTION"
"364","SPECULATIVE-FICTION FANTASY"
"365","SCIENCE-FICTION SPECULATIVE-FICTION"
"366","FICTION NOVEL"
"367","MYSTERY CHILDREN'S-LITERATURE FICTION YOUNG-ADULT-LITERATURE"
"368","SCIENCE-FICTION SPECULATIVE-FICTION"
"369","SCIENCE-FICTION SPECULATIVE-FICTION FANTASY"
"370","FICTION NOVEL"
"371","HISTORICAL-NOVEL FICTION ROMANCE-NOVEL NOVEL"
"372","THRILLER FICTION"
"373","SCIENCE-FICTION SPECULATIVE-FICTION"
"374","SCIENCE-FICTION SPECULATIVE-FICTION"
"375","SPECULATIVE-FICTION FANTASY CHILDREN'S-LITERATURE"
"376","CHILDREN'S-LITERATURE"
"377","HISTORICAL-NOVEL HISTORICAL-FICTION FICTION"
"378","SPECULATIVE-FICTION FANTASY FICTION"
"379","SCIENCE-FICTION SPECULATIVE-FICTION CHILDREN'S-LITERATURE"
"380","SPECULATIVE-FICTION FANTASY CHILDREN'S-LITERATURE"
"381","SCIENCE-FICTION SPECULATIVE-FICTION"
"382","SCIENCE-FICTION SPECULATIVE-FICTION"
"383","SCIENCE-FICTION SPECULATIVE-FICTION HORROR FANTASY FICTION"
"384","FICTION NOVEL"
"385","SCIENCE-FICTION SPECULATIVE-FICTION"
"386","SCIENCE-FICTION SPECULATIVE-FICTION"
"387","SUSPENSE CRIME-FICTION MYSTERY FICTION"
"388","FICTION NOVEL"
"389","CHILDREN'S-LITERATURE FICTION YOUNG-ADULT-LITERATURE"
"390","MYSTERY DETECTIVE-FICTION FICTION"
"391","FICTION NOVEL"
"392","NON-FICTION AUTOBIOGRAPHY"
"393","HISTORICAL-NOVEL FICTION"
"394","SPECULATIVE-FICTION FANTASY CHILDREN'S-LITERATURE"
"395","SPECULATIVE-FICTION FANTASY CHILDREN'S-LITERATURE"
"396","SCIENCE-FICTION SPECULATIVE-FICTION"
"397","SUSPENSE CRIME-FICTION MYSTERY FICTION"
"398","HISTORICAL-NOVEL MYSTERY FICTION"
"399","FICTION NOVEL"
"400","CHILDREN'S-LITERATURE"
"401","FICTION NOVEL"
"402","HISTORICAL-NOVEL FICTION"
"403","HISTORICAL-NOVEL HISTORICAL-FICTION FICTION"
"404","HISTORICAL-NOVEL HISTORICAL-FICTION FICTION"
"405","CHILDREN'S-LITERATURE FICTION NOVEL"
"406","CHILDREN'S-LITERATURE FICTION YOUNG-ADULT-LITERATURE"
"407","SPECULATIVE-FICTION FANTASY CHILDREN'S-LITERATURE"
"408","MYSTERY DETECTIVE-FICTION"
"409","CHILDREN'S-LITERATURE FICTION YOUNG-ADULT-LITERATURE"
"410","FICTION NOVEL"
"411","SUSPENSE CRIME-FICTION MYSTERY DETECTIVE-FICTION FICTION"
"412","MYSTERY DETECTIVE-FICTION CHILDREN'S-LITERATURE"
"413","SCIENCE-FICTION SPECULATIVE-FICTION"
"414","SPECULATIVE-FICTION FANTASY CHILDREN'S-LITERATURE"
"415","MYSTERY DETECTIVE-FICTION"
"416","SPECULATIVE-FICTION FANTASY"
"417","HISTORICAL-NOVEL HISTORICAL-FICTION"
"418","MYSTERY FICTION"
"419","SCIENCE-FICTION SPECULATIVE-FICTION"
"420","SCIENCE-FICTION SPECULATIVE-FICTION HORROR CHILDREN'S-LITERATURE FICTION"
"421","FICTION NOVEL"
"422","SPECULATIVE-FICTION FICTION"
"423","SPECULATIVE-FICTION FICTION"
"424","SUSPENSE CRIME-FICTION MYSTERY DETECTIVE-FICTION FICTION"
"425","SUSPENSE CRIME-FICTION MYSTERY FICTION"
"426","SPECULATIVE-FICTION HORROR FICTION"
"427","SCIENCE-FICTION SPECULATIVE-FICTION FANTASY"
"428","SUSPENSE CRIME-FICTION MYSTERY FICTION"
"429","CRIME-FICTION MYSTERY DETECTIVE-FICTION FICTION"
"430","MYSTERY DETECTIVE-FICTION FICTION"
"431","FICTION NOVEL"
"432","SCIENCE-FICTION SPECULATIVE-FICTION"
"433","FICTION NOVEL"
"434","SPECULATIVE-FICTION CHILDREN'S-LITERATURE"
"435","SCIENCE-FICTION SPECULATIVE-FICTION"
"436","CHILDREN'S-LITERATURE"
"437","CHILDREN'S-LITERATURE FICTION YOUNG-ADULT-LITERATURE"
"438","SCIENCE-FICTION SPECULATIVE-FICTION"
"439","SUSPENSE THRILLER CRIME-FICTION MYSTERY FICTION"
"440","CRIME-FICTION MYSTERY DETECTIVE-FICTION FICTION"
"441","MYSTERY DETECTIVE-FICTION FICTION"
"442","SUSPENSE CRIME-FICTION MYSTERY FICTION"
"443","SCIENCE-FICTION SPECULATIVE-FICTION"
"444","FICTION ROMANCE-NOVEL NOVEL"
"445","SCIENCE-FICTION SPECULATIVE-FICTION"
"446","SCIENCE-FICTION SPECULATIVE-FICTION"
"447","SCIENCE-FICTION SPECULATIVE-FICTION"
"448","FICTION NOVEL"
"449","FICTION NOVEL"
"450","SCIENCE-FICTION SPECULATIVE-FICTION"
"451","SPECULATIVE-FICTION"
"452","SPECULATIVE-FICTION FANTASY"
"453","CHILDREN'S-LITERATURE FICTION YOUNG-ADULT-LITERATURE"
"454","CHILDREN'S-LITERATURE FICTION"
"455","NON-FICTION"
"456","MYSTERY FICTION SPY-FICTION"
"457","SUSPENSE CRIME-FICTION MYSTERY DETECTIVE-FICTION FICTION"
"458","SCIENCE-FICTION SPECULATIVE-FICTION"
"459","SPECULATIVE-FICTION FANTASY"
"460","SCIENCE-FICTION SPECULATIVE-FICTION"
"461","THRILLER FICTION"
"462","SCIENCE-FICTION SPECULATIVE-FICTION"
"463","SCIENCE-FICTION ALTERNATE-HISTORY"
"464","SCIENCE-FICTION SPECULATIVE-FICTION FANTASY"
"465","SUSPENSE CRIME-FICTION MYSTERY FICTION"
"466","SPECULATIVE-FICTION FANTASY FICTION"
"467","SPECULATIVE-FICTION FANTASY"
"468","NON-FICTION"
"469","CHILDREN'S-LITERATURE"
"470","SPECULATIVE-FICTION FANTASY"
"471","SCIENCE-FICTION SPECULATIVE-FICTION"
"472","SCIENCE-FICTION SPECULATIVE-FICTION"
"473","CHILDREN'S-LITERATURE FICTION NOVEL"
"474","SUSPENSE CRIME-FICTION MYSTERY FICTION"
"475","CHILDREN'S-LITERATURE"
"476","CHILDREN'S-LITERATURE FICTION"
"477","SCIENCE-FICTION SPECULATIVE-FICTION"
"478","NOVEL"
"479","SPECULATIVE-FICTION FANTASY"
"480","SPECULATIVE-FICTION HORROR FICTION"
"481","THRILLER FICTION SPY-FICTION"
"482","SUSPENSE CRIME-FICTION MYSTERY FICTION"
"483","CHILDREN'S-LITERATURE FICTION"
"484","SUSPENSE CRIME-FICTION MYSTERY FICTION"
"485","SCIENCE-FICTION SPECULATIVE-FICTION"
"486","HISTORICAL-NOVEL MYSTERY FICTION"
"487","SCIENCE-FICTION SPECULATIVE-FICTION"
"488","CHILDREN'S-LITERATURE FICTION YOUNG-ADULT-LITERATURE"
"489","SPECULATIVE-FICTION FANTASY CHILDREN'S-LITERATURE"
"490","FICTION NOVEL"
"491","FICTION NOVEL"
"492","ALTERNATE-HISTORY"
"493","FICTION NOVEL"
"494","SPECULATIVE-FICTION FANTASY"
"495","THRILLER MYSTERY FICTION SPY-FICTION"
"496","THRILLER MYSTERY FICTION NOVEL"
"497","FICTION NOVEL"
"498","FICTION NOVEL"
"499","SPECULATIVE-FICTION FANTASY"
"500","SPECULATIVE-FICTION FANTASY"
"501","SUSPENSE CRIME-FICTION MYSTERY DETECTIVE-FICTION FICTION"
"502",""
"503","MYSTERY DETECTIVE-FICTION"
"504","MYSTERY DETECTIVE-FICTION FICTION"
"505","THRILLER FICTION SPY-FICTION"
"506","THRILLER FICTION"
"507","FICTION"
"508","MYSTERY DETECTIVE-FICTION FICTION"
"509","FICTION NOVEL"
"510","MYSTERY DETECTIVE-FICTION CHILDREN'S-LITERATURE"
"511","SPECULATIVE-FICTION FANTASY CHILDREN'S-LITERATURE"
"512","FICTION NOVEL"
"513","MYSTERY DETECTIVE-FICTION CHILDREN'S-LITERATURE"
"514","HISTORICAL-NOVEL HISTORICAL-FICTION FICTION"
"515","ADVENTURE-NOVEL CHILDREN'S-LITERATURE YOUNG-ADULT-LITERATURE"
"516","SPECULATIVE-FICTION FICTION"
"517","CHILDREN'S-LITERATURE FICTION"
"518","SPECULATIVE-FICTION FANTASY"
"519","SPECULATIVE-FICTION FANTASY CHILDREN'S-LITERATURE"
"520","SUSPENSE THRILLER CRIME-FICTION MYSTERY FICTION"
"521","FICTION NOVEL"
"522","SCIENCE-FICTION SPECULATIVE-FICTION"
"523","FICTION NOVEL"
"524","SPECULATIVE-FICTION FANTASY"
"525","FICTION NOVEL"
"526","SPECULATIVE-FICTION FANTASY"
"527",""
"528","SCIENCE-FICTION SPECULATIVE-FICTION ALTERNATE-HISTORY"
"529","SPECULATIVE-FICTION"
"530","SCIENCE-FICTION SPECULATIVE-FICTION"
"531","MYSTERY DETECTIVE-FICTION CHILDREN'S-LITERATURE"
"532","MYSTERY DETECTIVE-FICTION CHILDREN'S-LITERATURE"
"533","MYSTERY DETECTIVE-FICTION CHILDREN'S-LITERATURE"
"534","CHILDREN'S-LITERATURE"
"535","SPECULATIVE-FICTION FANTASY"
"536","SPECULATIVE-FICTION FANTASY"
"537","CHILDREN'S-LITERATURE FICTION"
"538","MEMOIR BIOGRAPHY AUTOBIOGRAPHY NOVEL"
"539","SPECULATIVE-FICTION FANTASY"
"540","SPECULATIVE-FICTION FANTASY CHILDREN'S-LITERATURE"
"541","FICTION NOVEL"
"542","CHILDREN'S-LITERATURE FICTION YOUNG-ADULT-LITERATURE"
"543","SCIENCE-FICTION SPECULATIVE-FICTION FANTASY"
"544","CHILDREN'S-LITERATURE"
"545","HISTORICAL-NOVEL HISTORICAL-FICTION"
"546","SCIENCE-FICTION SPECULATIVE-FICTION"
"547","CHILDREN'S-LITERATURE FICTION NOVEL"
"548","SCIENCE-FICTION THRILLER SPECULATIVE-FICTION"
"549","FICTION NOVEL"
"550","SCIENCE-FICTION NOVEL"
"551","CHILDREN'S-LITERATURE FICTION"
"552","SUSPENSE CRIME-FICTION MYSTERY FICTION"
"553","SCIENCE-FICTION SPECULATIVE-FICTION FANTASY"
"554","THRILLER MYSTERY FICTION"
"555",""
"556","FICTION NOVEL"
"557","FICTION NOVEL"
"558","SPECULATIVE-FICTION HORROR MYSTERY FICTION"
"559","FICTION NOVEL"
"560","SCIENCE-FICTION SPECULATIVE-FICTION"
"561","FICTION NOVEL"
"562","SUSPENSE CRIME-FICTION MYSTERY FICTION"
"563","CHILDREN'S-LITERATURE FICTION"
"564","SUSPENSE CRIME-FICTION MYSTERY FICTION"
"565","SUSPENSE CRIME-FICTION MYSTERY DETECTIVE-FICTION FICTION"
"566","FICTION NOVEL"
"567","THRILLER FICTION"
"568","CHILDREN'S-LITERATURE"
"569","SCIENCE-FICTION SPECULATIVE-FICTION CHILDREN'S-LITERATURE"
"570","MEMOIR NON-FICTION BIOGRAPHY AUTOBIOGRAPHY"
"571","CHILDREN'S-LITERATURE FICTION"
"572","SPECULATIVE-FICTION FANTASY CHILDREN'S-LITERATURE"
"573","CHILDREN'S-LITERATURE FICTION YOUNG-ADULT-LITERATURE"
"574",""
"575","CHILDREN'S-LITERATURE FICTION"
"576","CHILDREN'S-LITERATURE FICTION YOUNG-ADULT-LITERATURE"
"577","FICTION NOVEL"
"578","FICTION NOVEL"
"579","CHILDREN'S-LITERATURE"
"580","SCIENCE-FICTION SPECULATIVE-FICTION FANTASY FICTION"
"581","FICTION NOVEL"
"582","FICTION NOVEL"
"583","FICTION NOVEL"
"584","MYSTERY CHILDREN'S-LITERATURE"
"585","SPECULATIVE-FICTION FICTION"
"586","SPECULATIVE-FICTION FANTASY CHILDREN'S-LITERATURE"
"587","CHILDREN'S-LITERATURE FICTION YOUNG-ADULT-LITERATURE"
"588","SPECULATIVE-FICTION HORROR CRIME-FICTION MYSTERY FICTION"
"589","FICTION NOVEL"
"590","FICTION NOVEL"
"591","CHILDREN'S-LITERATURE FICTION"
"592","THRILLER CRIME-FICTION MYSTERY FICTION"
"593","SCIENCE-FICTION SPECULATIVE-FICTION"
"594","SCIENCE-FICTION SPECULATIVE-FICTION NOVEL"
"595","SPECULATIVE-FICTION FANTASY"
"596","SCIENCE-FICTION SPECULATIVE-FICTION"
"597","HISTORICAL-NOVEL FICTION NOVEL"
"598","CHILDREN'S-LITERATURE"
"599","SPECULATIVE-FICTION MYSTERY FICTION"
"600","SPECULATIVE-FICTION FANTASY CHILDREN'S-LITERATURE"
"601","MYSTERY DETECTIVE-FICTION CHILDREN'S-LITERATURE"
"602","SCIENCE-FICTION SPECULATIVE-FICTION FANTASY"
"603","SCIENCE-FICTION SPECULATIVE-FICTION FANTASY FICTION"
"604","SCIENCE-FICTION SPECULATIVE-FICTION"
"605","SCIENCE-FICTION SPECULATIVE-FICTION"
"606","MYSTERY DETECTIVE-FICTION"
"607","MYSTERY DETECTIVE-FICTION"
"608","MYSTERY DETECTIVE-FICTION"
"609","SCIENCE-FICTION SPECULATIVE-FICTION FICTION"
"610","HISTORICAL-NOVEL HISTORICAL-FICTION FICTION"
"611","SCIENCE-FICTION SPECULATIVE-FICTION"
"612","SCIENCE-FICTION SPECULATIVE-FICTION"
"613","MYSTERY CHILDREN'S-LITERATURE FICTION"
"614","FICTION"
"615","SUSPENSE CRIME-FICTION MYSTERY FICTION"
"616","SCIENCE-FICTION SPECULATIVE-FICTION"
"617","SPECULATIVE-FICTION FANTASY CHILDREN'S-LITERATURE"
"618","SCIENCE-FICTION SPECULATIVE-FICTION HORROR FANTASY FICTION"
"619","FICTION NOVEL"
"620","NON-FICTION"
"621","THRILLER FICTION SPY-FICTION"
"622","THRILLER MYSTERY FICTION SPY-FICTION"
"623","THRILLER CRIME-FICTION MYSTERY FICTION"
"624","SCIENCE-FICTION SPECULATIVE-FICTION"
"625","FICTION NOVEL"
"626","CHILDREN'S-LITERATURE YOUNG-ADULT-LITERATURE"
"627","FICTION ROMANCE-NOVEL NOVEL"
"628","SPECULATIVE-FICTION FANTASY CHILDREN'S-LITERATURE FICTION"
"629","HISTORICAL-NOVEL HISTORICAL-FICTION FICTION"
"630","SCIENCE-FICTION SPECULATIVE-FICTION FANTASY"
"631","SPECULATIVE-FICTION FANTASY"
"632","SCIENCE-FICTION SPECULATIVE-FICTION FANTASY FICTION"
"633","SPECULATIVE-FICTION FANTASY"
"634","SPECULATIVE-FICTION FANTASY FICTION"
"635","SUSPENSE CRIME-FICTION MYSTERY FICTION"
"636","SPECULATIVE-FICTION FANTASY CHILDREN'S-LITERATURE"
"637","HISTORICAL-NOVEL FICTION"
"638","MYSTERY DETECTIVE-FICTION FICTION"
"639","THRILLER FICTION"
"640","FICTION NOVEL"
"641","THRILLER FICTION"
"642","SCIENCE-FICTION THRILLER"
"643","CHILDREN'S-LITERATURE FICTION"
"644","CHILDREN'S-LITERATURE FICTION NOVEL"
"645","CHILDREN'S-LITERATURE FICTION YOUNG-ADULT-LITERATURE"
"646","SCIENCE-FICTION SPECULATIVE-FICTION CHILDREN'S-LITERATURE YOUNG-ADULT-LITERATURE"
"647","FICTION NOVEL"
"648","CHILDREN'S-LITERATURE FICTION YOUNG-ADULT-LITERATURE"
"649","HISTORICAL-NOVEL"
"650","THRILLER SPY-FICTION"
"651","FICTION NOVEL"
"652","SUSPENSE THRILLER CRIME-FICTION MYSTERY FICTION"
"653","CHILDREN'S-LITERATURE FICTION NOVEL"
"654","SUSPENSE CRIME-FICTION MYSTERY DETECTIVE-FICTION FICTION"
"655","HISTORICAL-NOVEL HISTORICAL-FICTION"
"656","SCIENCE-FICTION SPECULATIVE-FICTION"
"657","SUSPENSE CRIME-FICTION MYSTERY FICTION"
"658","SCIENCE-FICTION SPECULATIVE-FICTION FANTASY FICTION"
"659","FICTION NOVEL"
"660","FICTION NOVEL"
"661","MYSTERY DETECTIVE-FICTION"
"662","FICTION NOVEL"
"663","THRILLER"
"664","NON-FICTION"
"665","FICTION NOVEL"
"666","CHILDREN'S-LITERATURE FICTION"
"667","CHILDREN'S-LITERATURE"
"668","SPECULATIVE-FICTION FANTASY CHILDREN'S-LITERATURE"
"669","SUSPENSE CRIME-FICTION MYSTERY DETECTIVE-FICTION FICTION"
"670","FICTION ROMANCE-NOVEL NOVEL"
"671","FICTION NOVEL"
"672","SCIENCE-FICTION SPECULATIVE-FICTION"
"673","CHILDREN'S-LITERATURE FICTION NOVEL"
"674","SPECULATIVE-FICTION FANTASY"
"675","CHILDREN'S-LITERATURE"
"676",""
"677",""
"678","SCIENCE-FICTION SPECULATIVE-FICTION FANTASY"
"679","SCIENCE-FICTION SPECULATIVE-FICTION"
"680","MYSTERY DETECTIVE-FICTION CHILDREN'S-LITERATURE"
"681","HISTORICAL-NOVEL"
"682","SUSPENSE CRIME-FICTION MYSTERY DETECTIVE-FICTION FICTION"
"683","MYSTERY ADVENTURE-NOVEL CHILDREN'S-LITERATURE YOUNG-ADULT-LITERATURE"
"684","SUSPENSE THRILLER CRIME-FICTION MYSTERY FICTION"
"685","SPECULATIVE-FICTION FANTASY"
"686","SUSPENSE CRIME-FICTION MYSTERY FICTION"
"687","NOVEL"
"688","CHILDREN'S-LITERATURE FICTION"
"689","SCIENCE-FICTION SPECULATIVE-FICTION FICTION"
"690","SPECULATIVE-FICTION FANTASY CHILDREN'S-LITERATURE"
"691","ADVENTURE-NOVEL CHILDREN'S-LITERATURE YOUNG-ADULT-LITERATURE"
"692","CHILDREN'S-LITERATURE"
"693","SPECULATIVE-FICTION FANTASY CHILDREN'S-LITERATURE"
"694","FICTION NOVEL"
"695","CHILDREN'S-LITERATURE FICTION NOVEL YOUNG-ADULT-LITERATURE"
"696","SPECULATIVE-FICTION HORROR FANTASY FICTION"
"697","FICTION NOVEL"
"698","SPECULATIVE-FICTION FANTASY CHILDREN'S-LITERATURE FICTION"
"699","SCIENCE-FICTION SPECULATIVE-FICTION"
"700",""
"701","SCIENCE-FICTION SPECULATIVE-FICTION FANTASY"
"702","MYSTERY FICTION NOVEL"
"703","FICTION NOVEL"
"704","SPECULATIVE-FICTION FANTASY"
"705","SPECULATIVE-FICTION FANTASY CHILDREN'S-LITERATURE"
"706","SPECULATIVE-FICTION FANTASY"
"707","SCIENCE-FICTION SPECULATIVE-FICTION CHILDREN'S-LITERATURE"
"708","SPECULATIVE-FICTION FANTASY"
"709","FICTION NOVEL"
"710","FICTION NOVEL"
"711","SPECULATIVE-FICTION FANTASY"
"712","CHILDREN'S-LITERATURE FICTION"
"713","HISTORICAL-NOVEL HISTORICAL-FICTION FICTION"
"714","CHILDREN'S-LITERATURE"
"715","SPECULATIVE-FICTION FANTASY"
"716","HISTORICAL-NOVEL"
"717","SCIENCE-FICTION SPECULATIVE-FICTION"
"718","SUSPENSE CRIME-FICTION MYSTERY FICTION"
"719","SCIENCE-FICTION SPECULATIVE-FICTION"
"720","MYSTERY CHILDREN'S-LITERATURE"
"721","SCIENCE-FICTION SPECULATIVE-FICTION"
"722","CHILDREN'S-LITERATURE FICTION YOUNG-ADULT-LITERATURE"
"723","SUSPENSE CRIME-FICTION MYSTERY FICTION"
"724","SCIENCE-FICTION SPECULATIVE-FICTION"
"725","SCIENCE-FICTION SPECULATIVE-FICTION"
"726","SCIENCE-FICTION SPECULATIVE-FICTION"
"727","CHILDREN'S-LITERATURE"
"728","SCIENCE-FICTION SPECULATIVE-FICTION"
"729","SCIENCE-FICTION SPECULATIVE-FICTION"
"730","SCIENCE-FICTION SPECULATIVE-FICTION"
"731","MYSTERY DETECTIVE-FICTION FICTION"
"732","SCIENCE-FICTION SPECULATIVE-FICTION"
"733","MYSTERY DETECTIVE-FICTION"
"734","HISTORICAL-NOVEL HISTORICAL-FICTION FICTION"
"735","CRIME-FICTION MYSTERY DETECTIVE-FICTION FICTION"
"736","FICTION NOVEL"
"737","SUSPENSE CRIME-FICTION MYSTERY FICTION"
"738","SPECULATIVE-FICTION FANTASY"
"739","SUSPENSE CRIME-FICTION MYSTERY FICTION"
"740","SUSPENSE CRIME-FICTION MYSTERY DETECTIVE-FICTION FICTION"
"741","HISTORICAL-NOVEL ALTERNATE-HISTORY"
"742","SUSPENSE THRILLER CRIME-FICTION MYSTERY FICTION"
"743","MYSTERY FICTION NOVEL"
"744","FICTION NOVEL"
"745","FICTION NOVEL"
"746","SPECULATIVE-FICTION FANTASY FICTION"
"747","SCIENCE-FICTION SPECULATIVE-FICTION HORROR FICTION"
"748","CHILDREN'S-LITERATURE FICTION YOUNG-ADULT-LITERATURE"
"749","SPECULATIVE-FICTION FANTASY"
"750","SUSPENSE CRIME-FICTION MYSTERY DETECTIVE-FICTION FICTION"
"751","MYSTERY DETECTIVE-FICTION CHILDREN'S-LITERATURE"
"752","CHILDREN'S-LITERATURE"
"753","FICTION NOVEL"
"754","SPECULATIVE-FICTION FICTION"
"755","SUSPENSE CRIME-FICTION MYSTERY DETECTIVE-FICTION FICTION"
"756","MYSTERY DETECTIVE-FICTION"
"757","SPECULATIVE-FICTION"
"758","SUSPENSE CRIME-FICTION MYSTERY FICTION"
"759","FICTION NOVEL"
"760","FICTION NOVEL"
"761","MYSTERY CHILDREN'S-LITERATURE FICTION"
"762","CHILDREN'S-LITERATURE FICTION"
"763","CHILDREN'S-LITERATURE FICTION"
"764","SCIENCE-FICTION SPECULATIVE-FICTION"
"765","HISTORICAL-NOVEL THRILLER MYSTERY FICTION"
"766","FICTION NOVEL"
"767","CRIME-FICTION MYSTERY FICTION"
"768","NON-FICTION"
"769","SCIENCE-FICTION SPECULATIVE-FICTION HORROR"
"770","FICTION NOVEL"
"771","CHILDREN'S-LITERATURE FICTION YOUNG-ADULT-LITERATURE"
"772","CHILDREN'S-LITERATURE YOUNG-ADULT-LITERATURE"
"773","SPECULATIVE-FICTION FANTASY CHILDREN'S-LITERATURE"
"774","SPECULATIVE-FICTION FANTASY CHILDREN'S-LITERATURE"
"775","SUSPENSE CRIME-FICTION MYSTERY FICTION"
"776","SCIENCE-FICTION SPECULATIVE-FICTION"
"777","SPECULATIVE-FICTION FANTASY FICTION"
"778","SPECULATIVE-FICTION HORROR MYSTERY FICTION"
"779","CHILDREN'S-LITERATURE YOUNG-ADULT-LITERATURE"
"780","CRIME-FICTION MYSTERY FICTION"
"781","CHILDREN'S-LITERATURE FICTION YOUNG-ADULT-LITERATURE"
"782","FICTION NOVEL"
"783","SCIENCE-FICTION SPECULATIVE-FICTION FICTION"
"784","FICTION NOVEL"
"785","MYSTERY DETECTIVE-FICTION FICTION"
"786","MYSTERY CHILDREN'S-LITERATURE FICTION"
"787","CHILDREN'S-LITERATURE FICTION YOUNG-ADULT-LITERATURE"
"788","SUSPENSE CRIME-FICTION MYSTERY DETECTIVE-FICTION FICTION"
"789","THRILLER FICTION SPY-FICTION"
"790","SPECULATIVE-FICTION FANTASY"
"791","SCIENCE-FICTION SPECULATIVE-FICTION"
"792","SCIENCE-FICTION SPECULATIVE-FICTION NOVEL"
"793","THRILLER SPY-FICTION"
"794","THRILLER MYSTERY FICTION SPY-FICTION"
"795","SUSPENSE CRIME-FICTION MYSTERY FICTION"
"796","SUSPENSE CRIME-FICTION MYSTERY DETECTIVE-FICTION FICTION"
"797","CHILDREN'S-LITERATURE"
"798","SCIENCE-FICTION SPECULATIVE-FICTION"
"799","SUSPENSE CRIME-FICTION MYSTERY DETECTIVE-FICTION FICTION"
"800","SPECULATIVE-FICTION HORROR FANTASY FICTION"
"801","MYSTERY DETECTIVE-FICTION"
"802","CHILDREN'S-LITERATURE"
"803","THRILLER MYSTERY SPY-FICTION"
"804","MYSTERY DETECTIVE-FICTION"
"805","MYSTERY DETECTIVE-FICTION"
"806","MYSTERY DETECTIVE-FICTION"
"807","MYSTERY DETECTIVE-FICTION FICTION"
"808","MYSTERY DETECTIVE-FICTION"
"809","SUSPENSE CRIME-FICTION MYSTERY DETECTIVE-FICTION FICTION"
"810","SUSPENSE CRIME-FICTION MYSTERY DETECTIVE-FICTION FICTION"
"811","FICTION NOVEL"
"812","SPECULATIVE-FICTION MYSTERY FICTION"
"813","SUSPENSE CRIME-FICTION MYSTERY DETECTIVE-FICTION FICTION"
"814","SPECULATIVE-FICTION MYSTERY FICTION"
"815","SPECULATIVE-FICTION HORROR FICTION"
"816","SPECULATIVE-FICTION FANTASY"
"817","MYSTERY DETECTIVE-FICTION"
"818","SCIENCE-FICTION SPECULATIVE-FICTION ALTERNATE-HISTORY"
"819","SUSPENSE CRIME-FICTION MYSTERY FICTION"
"820","SCIENCE-FICTION SPECULATIVE-FICTION"
"821","HISTORICAL-NOVEL HISTORICAL-FICTION FICTION"
"822",""
"823","CHILDREN'S-LITERATURE FICTION"
"824","HISTORICAL-NOVEL FANTASY FICTION"
"825","CHILDREN'S-LITERATURE FICTION YOUNG-ADULT-LITERATURE"
"826","SCIENCE-FICTION SPECULATIVE-FICTION"
"827","SCIENCE-FICTION SPECULATIVE-FICTION"
"828","SCIENCE-FICTION SPECULATIVE-FICTION"
"829","FICTION NOVEL"
"830","SPECULATIVE-FICTION FANTASY CHILDREN'S-LITERATURE"
"831","CHILDREN'S-LITERATURE FICTION"
"832","ADVENTURE-NOVEL CHILDREN'S-LITERATURE YOUNG-ADULT-LITERATURE"
"833","SPECULATIVE-FICTION FANTASY CHILDREN'S-LITERATURE"
"834","SCIENCE-FICTION SPECULATIVE-FICTION"
"835","CHILDREN'S-LITERATURE FICTION"
"836","CRIME-FICTION MYSTERY DETECTIVE-FICTION FICTION"
"837","MEMOIR NON-FICTION BIOGRAPHY AUTOBIOGRAPHY"
"838","SPECULATIVE-FICTION FANTASY CHILDREN'S-LITERATURE"
"839","SCIENCE-FICTION SPECULATIVE-FICTION"
"840","FICTION NOVEL"
"841","SUSPENSE CRIME-FICTION MYSTERY FICTION"
"842","CHILDREN'S-LITERATURE FICTION"
"843","SUSPENSE CRIME-FICTION MYSTERY FICTION"
"844","FICTION NOVEL"
"845","CHILDREN'S-LITERATURE FICTION NOVEL"
"846","SPECULATIVE-FICTION FANTASY"
"847","CHILDREN'S-LITERATURE FICTION YOUNG-ADULT-LITERATURE"
"848","SPECULATIVE-FICTION FANTASY CHILDREN'S-LITERATURE"
"849","CHILDREN'S-LITERATURE FICTION NOVEL YOUNG-ADULT-LITERATURE"
"850","SPECULATIVE-FICTION FICTION"
"851","CHILDREN'S-LITERATURE"
"852","HISTORICAL-NOVEL HISTORICAL-FICTION FICTION"
"853","MYSTERY FICTION"
"854","HISTORICAL-NOVEL NOVEL"
"855","SCIENCE-FICTION SPECULATIVE-FICTION"
"856","FICTION NOVEL"
"857","SCIENCE-FICTION SPECULATIVE-FICTION"
"858","SPECULATIVE-FICTION FANTASY CHILDREN'S-LITERATURE"
"859","FICTION NOVEL"
"860","SCIENCE-FICTION SPECULATIVE-FICTION"
"861","CRIME-FICTION MYSTERY DETECTIVE-FICTION FICTION"
"862","SUSPENSE CRIME-FICTION MYSTERY FICTION"
"863","MYSTERY DETECTIVE-FICTION FICTION"
"864",""
"865","MYSTERY DETECTIVE-FICTION FICTION"
"866","THRILLER FICTION"
"867","CHILDREN'S-LITERATURE FICTION YOUNG-ADULT-LITERATURE"
"868","HISTORICAL-NOVEL HISTORICAL-FICTION MYSTERY FICTION"
"869","SUSPENSE CRIME-FICTION MYSTERY FICTION"
"870","MYSTERY DETECTIVE-FICTION"
"871","HISTORICAL-NOVEL"
"872","MYSTERY DETECTIVE-FICTION FICTION"
"873","SCIENCE-FICTION SPECULATIVE-FICTION"
"874","CHILDREN'S-LITERATURE FICTION"
"875","THRILLER CRIME-FICTION MYSTERY FICTION"
"876","SPECULATIVE-FICTION FANTASY"
"877","SPECULATIVE-FICTION FANTASY CHILDREN'S-LITERATURE FICTION"
"878","SCIENCE-FICTION SPECULATIVE-FICTION"
"879","SCIENCE-FICTION SPECULATIVE-FICTION"
"880","THRILLER CRIME-FICTION MYSTERY FICTION"
"881","SCIENCE-FICTION SPECULATIVE-FICTION"
"882","SPECULATIVE-FICTION FANTASY"
"883","SPECULATIVE-FICTION FANTASY FICTION"
"884","MYSTERY DETECTIVE-FICTION CHILDREN'S-LITERATURE"
"885","FICTION NOVEL"
"886","FICTION NOVEL"
"887","THRILLER CRIME-FICTION MYSTERY FICTION"
"888","THRILLER CRIME-FICTION MYSTERY FICTION"
"889","FICTION NOVEL"
"890","CHILDREN'S-LITERATURE"
"891","SUSPENSE CRIME-FICTION MYSTERY FICTION"
"892","CHILDREN'S-LITERATURE FICTION YOUNG-ADULT-LITERATURE"
"893","THRILLER MYSTERY FICTION"
"894","SUSPENSE CRIME-FICTION MYSTERY FICTION"
"895","CHILDREN'S-LITERATURE FICTION"
"896","NON-FICTION ALTERNATE-HISTORY"
"897","CHILDREN'S-LITERATURE FICTION YOUNG-ADULT-LITERATURE"
"898","NON-FICTION"
"899","HISTORICAL-NOVEL"
"900","SPECULATIVE-FICTION FANTASY"
"901","NON-FICTION"
"902","SCIENCE-FICTION SPECULATIVE-FICTION"
"903","SUSPENSE CRIME-FICTION MYSTERY DETECTIVE-FICTION FICTION"
"904","SCIENCE-FICTION SPECULATIVE-FICTION"
"905","SCIENCE-FICTION SPECULATIVE-FICTION"
"906","SCIENCE-FICTION SPECULATIVE-FICTION"
"907","HISTORICAL-NOVEL"
"908","SCIENCE-FICTION SPECULATIVE-FICTION"
"909","HISTORICAL-NOVEL HISTORICAL-FICTION MYSTERY FICTION"
"910","SCIENCE-FICTION SPECULATIVE-FICTION FANTASY FICTION"
"911","SUSPENSE CRIME-FICTION MYSTERY FICTION"
"912","FANTASY CHILDREN'S-LITERATURE"
"913","SCIENCE-FICTION SPECULATIVE-FICTION"
"914","SPECULATIVE-FICTION FANTASY CHILDREN'S-LITERATURE"
"915","CHILDREN'S-LITERATURE FICTION NOVEL"
"916","CHILDREN'S-LITERATURE"
"917","MYSTERY FICTION NOVEL"
"918","CHILDREN'S-LITERATURE FICTION YOUNG-ADULT-LITERATURE"
"919","CHILDREN'S-LITERATURE FICTION YOUNG-ADULT-LITERATURE"
"920","ADVENTURE-NOVEL CHILDREN'S-LITERATURE YOUNG-ADULT-LITERATURE"
"921","FICTION NOVEL"
"922","CHILDREN'S-LITERATURE FICTION YOUNG-ADULT-LITERATURE"
"923","CHILDREN'S-LITERATURE FICTION YOUNG-ADULT-LITERATURE"
"924","CHILDREN'S-LITERATURE FICTION YOUNG-ADULT-LITERATURE"
"925","FICTION NOVEL"
"926",""
"927","SCIENCE-FICTION SPECULATIVE-FICTION"
"928","MYSTERY DETECTIVE-FICTION FICTION"
"929","SUSPENSE SPECULATIVE-FICTION HORROR MYSTERY FICTION"
"930","SCIENCE-FICTION SPECULATIVE-FICTION"
"931","SCIENCE-FICTION SPECULATIVE-FICTION"
"932","SUSPENSE CRIME-FICTION MYSTERY FICTION"
"933","SUSPENSE CRIME-FICTION MYSTERY DETECTIVE-FICTION FICTION"
"934","SPECULATIVE-FICTION FANTASY CHILDREN'S-LITERATURE FICTION"
"935","CHILDREN'S-LITERATURE FICTION"
"936","FANTASY"
"937","SCIENCE-FICTION SPECULATIVE-FICTION"
"938","MYSTERY FICTION"
"939","CHILDREN'S-LITERATURE FICTION NOVEL"
"940","CHILDREN'S-LITERATURE FICTION"
"941","FICTION NOVEL"
"942","FICTION YOUNG-ADULT-LITERATURE"
"943","CHILDREN'S-LITERATURE"
"944","FICTION NOVEL"
"945","FICTION NOVEL"
"946","SCIENCE-FICTION SPECULATIVE-FICTION NOVEL"
"947","CHILDREN'S-LITERATURE YOUNG-ADULT-LITERATURE"
"948","SPECULATIVE-FICTION FANTASY CHILDREN'S-LITERATURE FICTION"
"949","SPECULATIVE-FICTION FANTASY"
"950","SCIENCE-FICTION SPECULATIVE-FICTION FANTASY"
"951","SCIENCE-FICTION SPECULATIVE-FICTION ALTERNATE-HISTORY"
"952","SPECULATIVE-FICTION HORROR FANTASY FICTION"
"953","ADVENTURE-NOVEL CHILDREN'S-LITERATURE YOUNG-ADULT-LITERATURE"
"954","SUSPENSE CRIME-FICTION MYSTERY FICTION"
"955","SPECULATIVE-FICTION FICTION"
"956","MYSTERY DETECTIVE-FICTION CHILDREN'S-LITERATURE"
"957","MYSTERY DETECTIVE-FICTION"
"958","THRILLER MYSTERY FICTION"
"959","SCIENCE-FICTION SPECULATIVE-FICTION ALTERNATE-HISTORY"
"960","FICTION"
"961","MYSTERY DETECTIVE-FICTION FICTION"
"962","CHILDREN'S-LITERATURE"
"963","SPECULATIVE-FICTION FANTASY FICTION"
"964","CHILDREN'S-LITERATURE FICTION YOUNG-ADULT-LITERATURE"
"965","CHILDREN'S-LITERATURE"
"966","FICTION NOVEL"
"967","SCIENCE-FICTION SPECULATIVE-FICTION"
"968","FICTION NOVEL"
"969","NON-FICTION"
"970","CHILDREN'S-LITERATURE FICTION NOVEL"
"971","SPECULATIVE-FICTION MYSTERY FICTION"
"972","SCIENCE-FICTION SPECULATIVE-FICTION"
"973","SCIENCE-FICTION SPECULATIVE-FICTION"
"974","SCIENCE-FICTION SPECULATIVE-FICTION"
"975","THRILLER CRIME-FICTION MYSTERY FICTION"
"976","SCIENCE-FICTION SPECULATIVE-FICTION"
"977","SCIENCE-FICTION SPECULATIVE-FICTION"
"978","SCIENCE-FICTION SPECULATIVE-FICTION"
"979","SCIENCE-FICTION SPECULATIVE-FICTION"
"980","SCIENCE-FICTION SPECULATIVE-FICTION"
"981","THRILLER NOVEL"
"982","HISTORICAL-NOVEL"
"983","THRILLER MYSTERY FICTION"
"984","THRILLER FICTION"
"985","SCIENCE-FICTION SPECULATIVE-FICTION"
"986","MYSTERY DETECTIVE-FICTION"
"987","THRILLER CRIME-FICTION MYSTERY FICTION"
"988","CHILDREN'S-LITERATURE"
"989","FICTION NOVEL"
"990","SUSPENSE CRIME-FICTION MYSTERY FICTION"
"991","CHILDREN'S-LITERATURE FICTION"
"992","SCIENCE-FICTION SPECULATIVE-FICTION"
"993","HISTORICAL-NOVEL HISTORICAL-FICTION FICTION NOVEL"
"994","SUSPENSE CRIME-FICTION MYSTERY FICTION"
"995","SUSPENSE CRIME-FICTION MYSTERY FICTION"
"996","CHILDREN'S-LITERATURE FICTION"
"997","FICTION"
"998","CHILDREN'S-LITERATURE FICTION YOUNG-ADULT-LITERATURE"
"999","CHILDREN'S-LITERATURE YOUNG-ADULT-LITERATURE"
"1000","THRILLER SPY-FICTION"
"1001","FICTION ROMANCE-NOVEL NOVEL"
"1002","HISTORICAL-NOVEL CHILDREN'S-LITERATURE"
"1003","FICTION NOVEL"
"1004","NOVEL"
"1005","CHILDREN'S-LITERATURE"
"1006","CHILDREN'S-LITERATURE YOUNG-ADULT-LITERATURE"
"1007","CHILDREN'S-LITERATURE FICTION"
"1008","CHILDREN'S-LITERATURE FICTION YOUNG-ADULT-LITERATURE"
"1009","NON-FICTION"
"1010","FICTION NOVEL"
"1011","FICTION NOVEL"
"1012","ADVENTURE-NOVEL CHILDREN'S-LITERATURE YOUNG-ADULT-LITERATURE"
"1013","FICTION NOVEL"
"1014","SPECULATIVE-FICTION HORROR FANTASY CHILDREN'S-LITERATURE FICTION"
"1015","SUSPENSE CRIME-FICTION MYSTERY FICTION"
"1016","FICTION NOVEL"
"1017","FICTION"
"1018","CHILDREN'S-LITERATURE"
"1019","CHILDREN'S-LITERATURE FICTION NOVEL"
"1020","CHILDREN'S-LITERATURE YOUNG-ADULT-LITERATURE"
"1021","CHILDREN'S-LITERATURE"
"1022","CHILDREN'S-LITERATURE FICTION YOUNG-ADULT-LITERATURE"
"1023","SPECULATIVE-FICTION FANTASY"
"1024","SCIENCE-FICTION SPECULATIVE-FICTION"
"1025","CHILDREN'S-LITERATURE"
"1026","SUSPENSE CRIME-FICTION MYSTERY FICTION"
"1027","SPECULATIVE-FICTION FANTASY CHILDREN'S-LITERATURE FICTION"
"1028","HISTORICAL-NOVEL HISTORICAL-FICTION"
"1029","SPECULATIVE-FICTION FANTASY CHILDREN'S-LITERATURE"
"1030","CHILDREN'S-LITERATURE FICTION"
"1031","FICTION"
"1032","CHILDREN'S-LITERATURE FICTION YOUNG-ADULT-LITERATURE"
"1033","SCIENCE-FICTION SPECULATIVE-FICTION"
"1034","SCIENCE-FICTION SPECULATIVE-FICTION"
"1035","FICTION NOVEL"
"1036","SCIENCE-FICTION SPECULATIVE-FICTION"
"1037","SCIENCE-FICTION SPECULATIVE-FICTION"
"1038","SCIENCE-FICTION SPECULATIVE-FICTION"
"1039","FICTION NOVEL"
"1040","HISTORICAL-NOVEL HISTORICAL-FICTION FICTION"
"1041","CHILDREN'S-LITERATURE"
"1042","SPECULATIVE-FICTION HORROR FICTION"
"1043","SCIENCE-FICTION SPECULATIVE-FICTION CHILDREN'S-LITERATURE YOUNG-ADULT-LITERATURE"
"1044","HISTORICAL-NOVEL FICTION"
"1045","THRILLER CRIME-FICTION MYSTERY FICTION"
"1046","CHILDREN'S-LITERATURE FICTION"
"1047","SCIENCE-FICTION SPECULATIVE-FICTION FICTION"
"1048","HISTORICAL-NOVEL FICTION"
"1049","SPECULATIVE-FICTION FANTASY"
"1050","THRILLER SPY-FICTION"
"1051","FICTION ROMANCE-NOVEL NOVEL"
"1052","HISTORICAL-NOVEL FICTION"
"1053","CHILDREN'S-LITERATURE FICTION"
"1054","SUSPENSE CRIME-FICTION MYSTERY FICTION"
"1055","CRIME-FICTION MYSTERY FICTION"
"1056","FICTION NOVEL"
"1057",""
"1058","SCIENCE-FICTION SPECULATIVE-FICTION"
"1059","NOVEL"
"1060","SPECULATIVE-FICTION HORROR FANTASY CHILDREN'S-LITERATURE FICTION"
"1061","CHILDREN'S-LITERATURE FICTION"
"1062","SUSPENSE CRIME-FICTION MYSTERY DETECTIVE-FICTION FICTION"
"1063","THRILLER CRIME-FICTION MYSTERY FICTION"
"1064","SCIENCE-FICTION SPECULATIVE-FICTION"
"1065","HISTORICAL-NOVEL HISTORICAL-FICTION FICTION"
"1066","SPECULATIVE-FICTION FANTASY CHILDREN'S-LITERATURE FICTION"
"1067","SCIENCE-FICTION SPECULATIVE-FICTION"
"1068","SCIENCE-FICTION SPECULATIVE-FICTION"
"1069","SPECULATIVE-FICTION FANTASY CHILDREN'S-LITERATURE FICTION"
"1070","SCIENCE-FICTION SPECULATIVE-FICTION"
"1071","SUSPENSE MYSTERY FICTION"
"1072",""
"1073","ALTERNATE-HISTORY"
"1074","CHILDREN'S-LITERATURE FICTION YOUNG-ADULT-LITERATURE"
"1075","CHILDREN'S-LITERATURE"
"1076","FICTION NOVEL"
"1077","CHILDREN'S-LITERATURE FICTION NOVEL"
"1078","SCIENCE-FICTION SPECULATIVE-FICTION"
"1079","HISTORICAL-NOVEL CHILDREN'S-LITERATURE"
"1080","SUSPENSE CRIME-FICTION MYSTERY FICTION"
"1081","FICTION NOVEL"
"1082","SCIENCE-FICTION SPECULATIVE-FICTION"
"1083","FICTION"
"1084","SCIENCE-FICTION SPECULATIVE-FICTION"
"1085","SPECULATIVE-FICTION FICTION"
"1086","FICTION NOVEL"
"1087","SPECULATIVE-FICTION FANTASY"
"1088","FICTION NOVEL"
"1089","FICTION NOVEL"
"1090","FICTION NOVEL"
"1091","SCIENCE-FICTION SPECULATIVE-FICTION"
"1092","NOVEL"
"1093","CHILDREN'S-LITERATURE FICTION NOVEL"
"1094","CHILDREN'S-LITERATURE FICTION"
"1095","THRILLER CRIME-FICTION FICTION NOVEL"
"1096","CHILDREN'S-LITERATURE"
"1097","SPECULATIVE-FICTION MYSTERY FICTION"
"1098","SCIENCE-FICTION SPECULATIVE-FICTION"
"1099","SPECULATIVE-FICTION FANTASY CHILDREN'S-LITERATURE"
"1100","SPECULATIVE-FICTION FANTASY CHILDREN'S-LITERATURE"
"1101","SCIENCE-FICTION SPECULATIVE-FICTION"
"1102","THRILLER FICTION"
"1103","CHILDREN'S-LITERATURE FICTION"
"1104","MYSTERY FICTION"
"1105","CHILDREN'S-LITERATURE FICTION YOUNG-ADULT-LITERATURE"
"1106","THRILLER FICTION"
"1107",""
"1108","SPECULATIVE-FICTION HORROR FICTION"
"1109","SCIENCE-FICTION SPECULATIVE-FICTION FANTASY"
"1110","HISTORICAL-NOVEL FICTION NOVEL"
"1111","CHILDREN'S-LITERATURE"
"1112","FANTASY CHILDREN'S-LITERATURE"
"1113","CHILDREN'S-LITERATURE"
"1114","SPECULATIVE-FICTION FICTION NOVEL"
"1115","FICTION NOVEL"
"1116","CHILDREN'S-LITERATURE FICTION"
"1117",""
"1118","CHILDREN'S-LITERATURE FICTION"
"1119","FICTION"
"1120","SUSPENSE CRIME-FICTION MYSTERY FICTION"
"1121","NON-FICTION"
"1122","CHILDREN'S-LITERATURE FICTION"
"1123","SCIENCE-FICTION SPECULATIVE-FICTION"
"1124","SCIENCE-FICTION SPECULATIVE-FICTION FANTASY"
"1125","SPECULATIVE-FICTION FANTASY"
"1126","ADVENTURE-NOVEL"
"1127","ALTERNATE-HISTORY"
"1128","FANTASY CHILDREN'S-LITERATURE FICTION"
"1129","MYSTERY FICTION"
"1130","MYSTERY DETECTIVE-FICTION FICTION"
"1131","SPECULATIVE-FICTION FANTASY"
"1132","SCIENCE-FICTION"
"1133","SCIENCE-FICTION SPECULATIVE-FICTION"
"1134","CHILDREN'S-LITERATURE FICTION NOVEL YOUNG-ADULT-LITERATURE"
"1135","MEMOIR NON-FICTION BIOGRAPHY AUTOBIOGRAPHY"
"1136","SUSPENSE CRIME-FICTION MYSTERY FICTION"
"1137","SCIENCE-FICTION SPECULATIVE-FICTION"
"1138","CHILDREN'S-LITERATURE FICTION YOUNG-ADULT-LITERATURE"
"1139","CHILDREN'S-LITERATURE FICTION"
"1140","FICTION NOVEL"
"1141","SCIENCE-FICTION SPECULATIVE-FICTION"
"1142","FICTION NOVEL"
"1143","THRILLER FICTION SPY-FICTION"
"1144","CHILDREN'S-LITERATURE YOUNG-ADULT-LITERATURE"
"1145","FICTION NOVEL"
"1146","FICTION ROMANCE-NOVEL NOVEL"
"1147","CHILDREN'S-LITERATURE"
"1148","SPECULATIVE-FICTION FANTASY CHILDREN'S-LITERATURE"
"1149","SUSPENSE CRIME-FICTION MYSTERY FICTION"
"1150","SPECULATIVE-FICTION FANTASY CHILDREN'S-LITERATURE"
"1151",""
"1152","SPECULATIVE-FICTION FANTASY FICTION"
"1153","FICTION NOVEL"
"1154","ADVENTURE-NOVEL CHILDREN'S-LITERATURE YOUNG-ADULT-LITERATURE"
"1155","NOVEL"
"1156","HISTORICAL-NOVEL"
"1157","SUSPENSE CRIME-FICTION MYSTERY FICTION"
"1158","SPECULATIVE-FICTION FANTASY CHILDREN'S-LITERATURE"
"1159","HISTORICAL-NOVEL FICTION"
"1160","CHILDREN'S-LITERATURE FICTION"
"1161","SCIENCE-FICTION SPECULATIVE-FICTION"
"1162","FICTION NOVEL"
"1163","ADVENTURE-NOVEL YOUNG-ADULT-LITERATURE"
"1164","CHILDREN'S-LITERATURE FICTION"
"1165","SPECULATIVE-FICTION CHILDREN'S-LITERATURE FICTION YOUNG-ADULT-LITERATURE"
"1166","FICTION NOVEL"
"1167","HISTORICAL-NOVEL FICTION"
"1168","NON-FICTION"
"1169","SCIENCE-FICTION SPECULATIVE-FICTION"
"1170","CHILDREN'S-LITERATURE"
"1171","FICTION NOVEL"
"1172","SCIENCE-FICTION SPECULATIVE-FICTION ALTERNATE-HISTORY"
"1173","NON-FICTION"
"1174","CRIME-FICTION MYSTERY DETECTIVE-FICTION FICTION"
"1175","SCIENCE-FICTION SPECULATIVE-FICTION"
"1176","FICTION NOVEL"
"1177","SCIENCE-FICTION SPECULATIVE-FICTION"
"1178","SCIENCE-FICTION SPECULATIVE-FICTION"
"1179","FICTION"
"1180","CRIME-FICTION MYSTERY DETECTIVE-FICTION FICTION"
"1181","SCIENCE-FICTION SPECULATIVE-FICTION"
"1182","HISTORICAL-NOVEL HISTORICAL-FICTION MYSTERY FICTION"
"1183","SCIENCE-FICTION SPECULATIVE-FICTION"
"1184","SCIENCE-FICTION SPECULATIVE-FICTION"
"1185","SCIENCE-FICTION SPECULATIVE-FICTION"
"1186","MEMOIR AUTOBIOGRAPHICAL-NOVEL AUTOBIOGRAPHY NOVEL"
"1187","SPECULATIVE-FICTION FANTASY CHILDREN'S-LITERATURE"
"1188","THRILLER FICTION SPY-FICTION"
"1189","SCIENCE-FICTION SPECULATIVE-FICTION"
"1190","SCIENCE-FICTION"
"1191","MYSTERY DETECTIVE-FICTION FICTION"
"1192","CHILDREN'S-LITERATURE"
"1193","FICTION NOVEL"
"1194","SCIENCE-FICTION SPECULATIVE-FICTION"
"1195","FICTION NOVEL"
"1196","SPECULATIVE-FICTION FANTASY"
"1197","SCIENCE-FICTION SPECULATIVE-FICTION"
"1198","FICTION YOUNG-ADULT-LITERATURE"
"1199","SCIENCE-FICTION SPECULATIVE-FICTION"
"1200","SPECULATIVE-FICTION FANTASY"
"1201","FICTION"
"1202","NON-FICTION"
"1203","HISTORICAL-NOVEL HISTORICAL-FICTION"
"1204","SPECULATIVE-FICTION HORROR FANTASY FICTION"
"1205","ALTERNATE-HISTORY"
"1206","SCIENCE-FICTION SPECULATIVE-FICTION"
"1207","SUSPENSE CRIME-FICTION MYSTERY FICTION"
"1208","CHILDREN'S-LITERATURE FICTION YOUNG-ADULT-LITERATURE"
"1209","SCIENCE-FICTION SPECULATIVE-FICTION FANTASY"
"1210","CHILDREN'S-LITERATURE FICTION NOVEL"
"1211","SPECULATIVE-FICTION FANTASY CHILDREN'S-LITERATURE FICTION"
"1212","FICTION ROMANCE-NOVEL NOVEL"
"1213","FICTION NOVEL"
"1214","MYSTERY CHILDREN'S-LITERATURE"
"1215","CHILDREN'S-LITERATURE FICTION YOUNG-ADULT-LITERATURE"
"1216","SCIENCE-FICTION SPECULATIVE-FICTION ALTERNATE-HISTORY"
"1217","SCIENCE-FICTION SPECULATIVE-FICTION"
"1218","SCIENCE-FICTION SPECULATIVE-FICTION"
"1219","FICTION NOVEL"
"1220","SPECULATIVE-FICTION FICTION"
"1221","FICTION NOVEL"
"1222","HISTORICAL-NOVEL HISTORICAL-FICTION FICTION"
"1223","SPECULATIVE-FICTION FANTASY FICTION"
"1224","SPECULATIVE-FICTION FANTASY"
"1225","THRILLER MYSTERY FICTION SPY-FICTION"
"1226",""
"1227","SPECULATIVE-FICTION FANTASY CHILDREN'S-LITERATURE"
"1228","FICTION"
"1229","SUSPENSE CRIME-FICTION MYSTERY FICTION"
"1230","MEMOIR NON-FICTION BIOGRAPHY AUTOBIOGRAPHY"
"1231","SPECULATIVE-FICTION CHILDREN'S-LITERATURE FICTION YOUNG-ADULT-LITERATURE"
"1232","HISTORICAL-NOVEL HISTORICAL-FICTION"
"1233","THRILLER CRIME-FICTION MYSTERY FICTION"
